"Archivo","Lineas"
"features\catalogo\pages\GestProductos.jsx","581"
"features\clientes\pages\Clientes.css","445"
"features\dashboard\pages\Dashboard.css","439"
"features\roles\pages\Roles.cards.css","436"
"features\usuarios\pages\Usuarios.jsx","428"
"features\ventas\pages\PedidosVentas.jsx","417"
"features\compras\pages\Compras.modals.css","405"
"features\catalogo\components\GestVariantes.css","404"
"shared\components\ModalSteps.css","395"
"shared\components\ModalDetalle.css","380"
"features\usuarios\pages\Usuarios.css","374"
"shared\pages\SobreNosotros.css","368"
"features\catalogo\pages\CatalogoAdmin.css","365"
"features\carrito\pages\Carrito.css","362"
"features\catalogo\pages\GestProductos.tabla.css","362"
"features\catalogo\pages\GestProductos.layout.css","359"
"features\catalogo\components\GestVariantes.jsx","354"
"features\catalogo\pages\GestProductos.modals.css","354"
"shared\components\GaleriaImagenes.css","348"
"features\clientes\pages\MiCuenta.cards.css","341"
"features\catalogo\pages\DetalleProducto.layout.css","340"
"features\compras\pages\Compras.jsx","331"
"index.css","327"
"features\catalogo\pages\GestProductos.colores.css","322"
"shared\components\Sidebar.css","320"
"shared\components\Navbar.base.css","319"
"features\auth\pages\Login.css","317"
"features\checkout\pages\Checkout.layout.css","313"
"features\catalogo\pages\Catalogo.card.css","310"
"features\compras\pages\Compras.layout.css","309"
"features\proveedores\pages\Proveedores.layout.css","303"
"features\ventas\components\PaymentModal.card.css","300"
"features\catalogo\pages\Colores.layout.css","291"
"features\ventas\components\OrderDetailModal.jsx","287"
"features\catalogo\pages\Catalogo.hero.css","287"
"features\pagos\pages\PagosAbonos.layout.css","277"
"features\ventas\components\payment-modal\PaymentFormView.jsx","277"
"features\pagos\pages\PagosAbonos.modals.css","274"
"features\roles\pages\Roles.modals.css","266"
"features\usuarios\components\usuarios\UsuarioFormModal.jsx","263"
"features\ventas\components\pedidos-ventas\NuevaVentaModal.jsx","259"
"features\proveedores\components\proveedores\ProveedorFormModal.jsx","256"
"features\clientes\pages\Clientes.jsx","255"
"features\clientes\pages\MiCuenta.jsx","247"
"features\pagos\pages\PagosAbonos.jsx","247"
"features\catalogo\pages\Catalogo.layout.css","246"
"features\checkout\pages\Checkout.cuotas.css","245"
"features\checkout\pages\Checkout.jsx","241"
"features\roles\pages\Roles.toolbar.css","239"
"shared\components\Navbar.buscador.css","238"
"features\dashboard\pages\Dashboard.jsx","231"
"features\catalogo\pages\CatProductos.jsx","231"
"features\catalogo\pages\CatProductos.layout.css","229"
"shared\components\GaleriaImagenes.jsx","229"
"features\catalogo\components\catalogo\ProductCard.jsx","229"
"shared\contexts\CartContext.jsx","228"
"features\proveedores\pages\Proveedores.jsx","225"
"features\proveedores\pages\Proveedores.modals.css","218"
"features\ventas\pages\PedidosVentas.layout.css","216"
"features\auth\pages\Login.jsx","214"
"features\ventas\components\OrderDetailModal.timeline.css","211"
"features\catalogo\pages\CatProductos.modals.css","211"
"features\carrito\pages\Carrito.jsx","210"
"features\ventas\pages\Pedidos.css","210"
"features\ventas\components\PaymentModal.base.css","204"
"shared\components\Navbar.responsive.css","200"
"shared\components\ModalSteps.jsx","198"
"features\ventas\components\PaymentModal.receipt.css","197"
"shared\components\PublicNavbar.jsx","195"
"features\auth\pages\Registro.jsx","188"
"features\catalogo\pages\CatalogoAdmin.jsx","187"
"features\compras\pages\Compras.responsive.css","187"
"features\ventas\components\OrderDetailModal.base.css","185"
"features\catalogo\pages\Colores.jsx","182"
"features\clientes\pages\MiCuenta.modals.css","180"
"features\catalogo\pages\Colores.modals.css","175"
"features\roles\components\roles\RoleCard.jsx","174"
"features\proveedores\pages\Proveedores.responsive.css","172"
"features\catalogo\pages\DetalleProducto.jsx","172"
"features\ventas\pages\PedidosVentas.modals.css","169"
"features\compras\components\compras\NuevaCompraModal.jsx","168"
"features\auth\pages\RestablecerContrasena.jsx","168"
"features\roles\pages\Roles.jsx","165"
"features\catalogo\pages\Catalogo.jsx","163"
"features\ventas\components\PaymentReceipt.jsx","161"
"features\ventas\components\payment-modal\ReceiptView.jsx","160"
"features\clientes\components\mi-cuenta\EditarPerfilModal.jsx","153"
"features\catalogo\pages\DetalleProducto.variantes.css","152"
"shared\components\ModalDetalle.jsx","151"
"features\compras\components\compras\CompraItemRow.jsx","151"
"features\usuarios\components\usuarios\ClienteFormModal.jsx","145"
"features\catalogo\components\gest-productos\ProductoFormModal.jsx","144"
"shared\pages\SobreNosotros.jsx","144"
"shared\styles\global.css","143"
"features\catalogo\components\gest-productos\ProductoDetalleModal.jsx","139"
"features\catalogo\components\gest-productos\ProductosTable.jsx","136"
"features\auth\pages\RecuperarContrasena.jsx","132"
"features\ventas\pages\Pedidos.jsx","132"
"features\ventas\components\pedidos-ventas\VentaItemRow.jsx","131"
"features\checkout\components\checkout\CheckoutPanel.jsx","129"
"shared\components\Sidebar.jsx","124"
"shared\components\ConfirmModal.css","123"
"features\ventas\components\pedidos-ventas\AbonosModal.jsx","122"
"features\ventas\pages\PedidosVentas.form.css","121"
"features\ventas\components\OrderDetailModal.productos.css","119"
"features\catalogo\pages\DetalleProducto.preview.css","119"
"features\catalogo\components\detalle-producto\InfoPanel.jsx","117"
"features\catalogo\pages\Catalogo.variantes.css","116"
"shared\utils\exportar.js","115"
"features\ventas\components\pedidos-ventas\EstadoDropdownVenta.jsx","115"
"features\compras\components\compras\EstadoDropdownCompra.jsx","115"
"features\auth\pages\Registro.css","114"
"features\catalogo\pages\CatProductos.responsive.css","112"
"shared\components\Navbar.jsx","111"
"shared\components\StatusToggle.css","110"
"features\ventas\components\pedidos\EstadoDropdown.jsx","109"
"features\pagos\components\pagos-abonos\EstadoDropdownPago.jsx","108"
"features\compras\components\compras\CompraDetalleModal.jsx","105"
"features\roles\components\roles\RolModal.jsx","105"
"shared\components\galeria-imagenes\ImagenCard.jsx","103"
"shared\utils\numerico.js","97"
"routes.jsx","97"
"features\pagos\components\pagos-abonos\NuevoPagoModal.jsx","96"
"features\ventas\components\pedidos-ventas\VentasTable.jsx","92"
"features\roles\utils\rolesHelpers.jsx","92"
"shared\components\StatusToggle.jsx","89"
"features\catalogo\components\catalogo\catalogoIcons.jsx","89"
"features\dashboard\components\dashboard\ReporteFechasCard.jsx","88"
"shared\components\Layout.css","87"
"features\compras\components\compras\ComprasTable.jsx","84"
"shared\components\galeria-imagenes\ZonaSubida.jsx","84"
"features\catalogo\components\gest-productos\VariantesMasDropdown.jsx","83"
"shared\components\public-navbar\BuscadorNavbar.jsx","83"
"features\ventas\components\pedidos-ventas\ClienteAutocomplete.jsx","82"
"features\catalogo\pages\Colores.responsive.css","81"
"features\dashboard\components\dashboard\BajoStockTable.jsx","80"
"features\catalogo\components\catalogo-admin\ProductoCard.jsx","78"
"features\dashboard\components\dashboard\StatsGrid.jsx","77"
"features\ventas\components\pedidos\PedidosTable.jsx","74"
"features\dashboard\components\dashboard\UltimasVentasCard.jsx","73"
"features\pagos\components\pagos-abonos\PagosTable.jsx","73"
"features\ventas\components\pedidos-ventas\OrigenFilterToggle.jsx","72"
"features\catalogo\components\gest-variantes\EditorNuevas.jsx","71"
"features\ventas\components\pedidos\PedidoDetalleModal.jsx","70"
"features\ventas\components\pedidos-ventas\VentaDetalleModal.jsx","70"
"features\proveedores\components\proveedores\ProveedoresTable.jsx","70"
"features\clientes\components\clientes\ClienteFormSteps.jsx","70"
"features\compras\utils\comprasHelpers.js","70"
"features\ventas\components\payment-modal\PendienteView.jsx","69"
"features\catalogo\components\gest-productos\CategoriasTable.jsx","67"
"shared\pages\NotFound.css","67"
"features\dashboard\components\dashboard\SalesBarChart.jsx","66"
"features\catalogo\components\gest-productos\ColorFormModal.jsx","66"
"features\catalogo\components\detalle-producto\Galeria.jsx","66"
"features\clientes\components\mi-cuenta\PedidoCard.jsx","64"
"features\catalogo\components\catalogo-admin\VistaRapidaModal.jsx","62"
"features\catalogo\components\catalogo-admin\FiltrosBar.jsx","58"
"features\ventas\components\payment-modal\paymentModalIcons.jsx","58"
"shared\components\ExportButtons.jsx","58"
"features\clientes\components\clientes\ClientesTable.jsx","58"
"features\catalogo\components\colores\ColoresTable.jsx","57"
"features\catalogo\components\detalle-producto\detalleProductoIcons.jsx","54"
"features\pagos\components\pagos-abonos\MetodosPagoModal.jsx","54"
"features\usuarios\components\usuarios\UsuariosTable.jsx","54"
"features\ventas\components\PaymentModal.jsx","52"
"features\catalogo\components\gest-productos\CategoriaDetalleModal.jsx","52"
"features\catalogo\components\gest-productos\ColoresGrid.jsx","52"
"features\ventas\utils\pedidosVentasHelpers.js","51"
"features\auth\components\registro\SeguridadFields.jsx","51"
"features\catalogo\utils\gestProductosHelpers.jsx","50"
"features\catalogo\components\colores\ColorFormSteps.jsx","50"
"features\catalogo\components\gest-productos\CategoriaFormModal.jsx","50"
"features\dashboard\components\dashboard\DonutChart.jsx","49"
"features\usuarios\components\usuarios\ClientesTable.jsx","49"
"features\proveedores\components\proveedores\ProveedorDetalleModal.jsx","49"
"features\usuarios\components\usuarios\UsuarioDetalleModal.jsx","49"
"features\dashboard\components\dashboard\ClientesRecientesCard.jsx","49"
"features\dashboard\utils\dashboardHelpers.js","48"
"features\roles\components\roles\ConfirmEstadoModal.jsx","48"
"features\usuarios\components\usuarios\ClienteDetalleModal.jsx","48"
"features\usuarios\utils\usuariosHelpers.js","47"
"features\clientes\components\mi-cuenta\PerfilCard.jsx","47"
"shared\contexts\ToastContext.jsx","47"
"shared\components\Toast.css","47"
"features\catalogo\components\catalogo\CatalogoToolbar.jsx","47"
"features\pagos\components\pagos-abonos\PagoDetalleModal.jsx","46"
"features\proveedores\utils\proveedoresHelpers.js","44"
"features\clientes\utils\miCuentaHelpers.js","42"
"shared\components\galeria-imagenes\GruposImagenes.jsx","42"
"features\dashboard\components\dashboard\BalanceCard.jsx","42"
"shared\components\public-navbar\CategoriasMenu.jsx","42"
"features\auth\components\registro\DatosPersonalesFields.jsx","42"
"features\clientes\components\mi-cuenta\EstadoCuentaCard.jsx","41"
"shared\components\public-navbar\AccionesNavbar.jsx","41"
"features\dashboard\components\dashboard\VentasMensualesCard.jsx","41"
"shared\contexts\ConfirmContext.jsx","41"
"features\auth\components\registro\icons.jsx","41"
"shared\components\Icons.jsx","41"
"features\catalogo\components\catalogo\CatalogoHero.jsx","39"
"shared\components\ConfirmModal.jsx","39"
"features\clientes\components\mi-cuenta\PedidosSection.jsx","39"
"features\checkout\utils\checkoutHelpers.js","38"
"features\checkout\components\checkout\MiniCalendario.jsx","38"
"shared\contexts\AuthContext.jsx","37"
"shared\components\ProtectedRoute.jsx","36"
"features\catalogo\components\catalogo-admin\icons.jsx","36"
"features\catalogo\components\catalogo-admin\KpiGrid.jsx","36"
"shared\components\Toast.jsx","34"
"features\ventas\utils\paymentModalHelpers.js","34"
"features\checkout\components\checkout\StockAlerta.jsx","33"
"features\catalogo\components\gest-variantes\ChipsColorList.jsx","33"
"features\dashboard\components\dashboard\TopProductosCard.jsx","33"
"shared\components\ExportButtons.css","33"
"features\ventas\utils\pedidosHelpers.js","32"
"features\checkout\components\checkout\OpcionesPago.jsx","32"
"shared\services\api.js","31"
"shared\components\PublicLayout.jsx","31"
"features\checkout\components\checkout\ProductosList.jsx","31"
"features\dashboard\components\dashboard\ComprasMensualesCard.jsx","31"
"features\clientes\utils\clientesHelpers.js","30"
"shared\utils\galeriaImagenesHelpers.js","30"
"shared\components\Layout.jsx","30"
"features\clientes\components\clientes\ClienteDetalleSteps.jsx","29"
"features\clientes\components\mi-cuenta\TodosPedidosModal.jsx","29"
"features\auth\utils\registroHelpers.js","28"
"features\catalogo\components\detalle-producto\PreviewOverlay.jsx","28"
"features\catalogo\utils\catalogoHelpers.js","27"
"features\catalogo\utils\detalleProductoHelpers.js","27"
"features\catalogo\components\catalogo\CatalogoFooter.jsx","26"
"shared\components\Loader.css","24"
"features\pagos\utils\pagosAbonosHelpers.js","23"
"features\auth\components\registro\Field.jsx","22"
"features\auth\components\registro\ContactoFields.jsx","22"
"features\catalogo\components\gest-variantes\icons.jsx","20"
"shared\components\PublicLayout.css","18"
"features\checkout\components\checkout\CuotasCalendario.jsx","18"
"shared\pages\NotFound.jsx","17"
"shared\utils\permisos.js","16"
"features\catalogo\utils\coloresHelpers.js","15"
"features\catalogo\components\colores\ColoresGrid.jsx","15"
"features\catalogo\components\catalogo-admin\ChipsCategoria.jsx","15"
"features\clientes\components\mi-cuenta\miCuentaIcons.jsx","13"
"shared\components\public-navbar\icons.jsx","12"
"features\dashboard\components\dashboard\RangoTexto.jsx","12"
"features\catalogo\utils\gestVariantesHelpers.js","12"
"features\ventas\components\pedidos\icons.jsx","10"
"main.jsx","10"
"shared\components\Loader.jsx","9"
"features\catalogo\utils\catalogoAdminHelpers.js","5"
"App.jsx","5"
"shared\components\galeria-imagenes\icons.jsx","5"
"shared\utils\publicNavbarHelpers.js","4"
"shared\assets\logoBase64.js","2"
